number,professor
A1578501,Trihan
A1578834,Trihan
A1678169,高橋
A1678554,炭
A1678625,辻
A1678630,伊呂原
A1678835,角皆
A1678849,田村
A1678863,辻
A1678975,山中
A1678980,中島
A1778019,川端
A1778021,萬代
A1778029,後藤
A1778031,大城
A1778033,渋谷
A1778037,矢入
A1778045,林
A1778047,田中
A1778069,山中
A1778070,山下
A1778075,高橋
A1778081,高岡
A1778099,高橋
A1778116,平田
A1778128,荒井
A1778132,大城
A1778147,田村
A1778168,川端
A1778182,矢入
A1778191,平田
A1778192,ゴンサルベス
A1778198,後藤
A1778209,林
A1778223,角皆
A1778233,萬代
A1778254,五味
A1778257,荒井
A1778262,荒井
A1778276,荒井
A1778279,高岡
A1778280,萬代
A1778283,宮本
A1778288,Trihan
A1778298,萬代
A1778304,宮本
A1778313,川端
A1778316,矢入
A1778323,炭
A1778338,山中
A1778360,宮本
A1778377,矢入
A1778378,川端
A1778414,川端
A1778416,林
A1778441,山下
A1778460,山下
A1778475,渋谷
A1778477,伊呂原
A1778478,渋谷
A1778479,林
A1778481,中筋
A1778489,後藤
A1778491,小川
A1778498,渋谷
A1778499,ゴンサルベス
A1778500,大城
A1778501,渋谷
A1778504,田中
A1778513,伊呂原
A1778519,田中
A1778530,高橋
A1778531,中筋
A1778537,山中
A1778539,五味
A1778543,平田
A1778544,田村
A1778570,山中
A1778573,小川
A1778580,笹川
A1778583,高岡
A1778591,高岡
A1778594,高橋
A1778608,辻
A1778624,荒井
A1778625,中筋
A1778627,新倉
A1778628,新倉
A1778664,田中
A1778688,林
A1778704,炭
A1778712,角皆
A1778716,高岡
A1778734,加藤
A1778744,五味
A1778764,宮本
A1778769,大城
A1778772,山下
A1778792,矢入
A1778794,宮本
A1778795,ゴンサルベス
A1778801,大城
A1778802,加藤
A1778806,高岡
A1778812,田中
A1778819,五味
A1778836,小川
A1778841,炭
A1778848,伊呂原
A1778850,中筋
A1778856,笹川
A1778858,伊呂原
A1778869,笹川
A1778872,中島
A1778885,中島
A1778887,ゴンサルベス
A1778893,萬代
A1778897,宮本
A1778899,山下
A1778902,ゴンサルベス
A1778903,ゴンサルベス
A1778921,中筋
A1778923,矢入
A1778927,萬代
A1778934,小川
A1778943,伊呂原
A1778948,田村
A1778953,荒井
A1778955,田村
A1778958,山下
A1778968,五味
A1778972,小川
A1778997,新倉
